{"name": "From_assignment_1",
 "alphacrit": 0.1745,
 "cl_alpha": 5.75,
 "alpha": [0, 0.0374, 0.0748, 0.1122, 0.1496, 0.187 , 0.2244, 0.2618, 0.2992, 0.3366, 0.374 , 0.4114, 0.4488, 0.4862, 0.5236],
 "CL": [0, 0.21505, 0.4301 , 0.64515, 0.8602 , 1.07525, 1.2903 , 1.50535, 1.7204 , 1.93545, 2.1505 , 2.36555, 2.5806 , 2.79565, 3.0107 ],
 "CD": [0.0113, 0.01305, 0.0182938, 0.02703605, 0.0392752, 0.05501125, 0.0742442, 0.09697405, 0.1232008, 0.15292445, 0.186145, 0.22286245, 0.2630768, 0.30678805, 0.3539962 ],
 "CM": [0, 0, 0, 0, 0, 0, 0, 0, 0, 0, 0, 0, 0, 0, 0]}