{"timestamp": [0, 20.0, 20.0, 20.0, 50.0, 80.0, 110.0, 140.0, 170.0, 200.0, 230.0, 260.0, 290.0, 320.0, 340.0, 340.0, 340.0, 370.0, 400.0, 430.0, 460.0, 490.0, 520.0, 550.0, 580.0, 610.0, 640.0, 670.0, 700.0, 730.0, 760.0, 790.0, 820.0, 850.0, 880.0, 910.0, 937.37, 937.37, 937.37, 967.37, 997.37, 1027.37, 1057.37, 1087.37, 1117.37, 1137.37, 1137.37, 1137.37, 1167.37, 1197.37, 1197.37, 1197.37, 1207.37, 1207.37, 1207.37, 1237.37, 1267.37, 1297.37, 1327.37, 1357.37, 1387.37, 1407.37, 1407.37, 1407.37, 1437.37, 1467.37, 1497.37, 1527.37, 1557.37, 1587.37, 1617.37, 1647.37, 1677.37, 1707.37, 1737.37, 1767.37, 1797.37, 1827.37, 1857.37, 1887.37, 1917.37, 1947.37, 1977.37, 2007.37, 2037.37, 2067.37, 2097.37, 2127.37, 2157.37, 2187.37, 2217.37, 2247.37, 2277.37, 2307.37, 2337.37, 2367.37, 2397.37, 2427.37, 2457.37, 2478.8, 2478.8, 2478.8, 2508.8, 2538.8, 2568.8, 2598.8, 2628.8, 2658.8, 2688.8, 2718.8, 2748.8, 2778.8, 2798.8, 2798.8, 2798.8, 2818.8, 2818.8], "gross_weight": [200.0, 199.95743151188637, 199.95743151188637, 199.95743151188637, 199.88856047231837, 199.81972538986193, 199.75092548471736, 199.6821599775149, 199.61336456561816, 199.54460226872115, 199.47587221752005, 199.4071735779147, 199.33850559001593, 199.26986748357533, 199.22412814307555, 199.22412814307555, 199.22412814307555, 199.1769702383576, 199.12982363813921, 199.08268833434585, 199.03556431973928, 198.98845158651568, 198.9413501280011, 198.8942599373799, 198.8471810074866, 198.80011333073563, 198.7530568998134, 198.7060117043773, 198.6589777364299, 198.61195498874582, 198.56494345526662, 198.51794312885184, 198.47095400183494, 198.42397606086072, 198.37700928404652, 198.33005364945842, 198.28722462018874, 198.28722462018874, 198.28722462018874, 198.25170454750986, 198.2161887408572, 198.18067666117412, 198.145167781436, 198.10966156038018, 198.07415730365335, 198.05048864808447, 198.05048864808447, 198.05048864808447, 197.98716534773973, 197.923842047395, 197.923842047395, 147.923842047395, 147.90818807870215, 147.90818807870215, 147.90818807870215, 147.86217195684685, 147.81620467099643, 147.7702859954712, 147.72441570123658, 147.6785935476615, 147.6328192441976, 147.60233475254324, 147.60233475254324, 147.60233475254324, 147.56605406111504, 147.52977999968522, 147.49351256574636, 147.4572517574602, 147.42099757305465, 147.38475001083003, 147.34850906712873, 147.312274739479, 147.2760470261851, 147.23982592514238, 147.20361143389889, 147.16740355081632, 147.13120226879568, 147.09500757896024, 147.05881947423194, 147.02263794874557, 146.98646299716052, 146.9502946147523, 146.9141327969678, 146.8779775404205, 146.84182884196707, 146.80568669859124, 146.7695511077615, 146.733422067101, 146.69729957440032, 146.66118362615268, 146.6250742189008, 146.5889713504947, 146.55287501885235, 146.51678522194067, 146.48070195777606, 146.44462522449425, 146.40855501985789, 146.37249134137545, 146.3364341868478, 146.31068201798928, 146.31068201798928, 146.31068201798928, 146.2879613747738, 146.26519432868128, 146.24238017600197, 146.21951832809674, 146.19664247355792, 146.17371759521188, 146.15074306058955, 146.1277182191198, 146.10464225582461, 146.08151445600643, 146.06606092038342, 146.06606092038342, 146.06606092038342, 146.0349074605548, 146.0349074605548], "fuel_weight": [50.0, 49.95743151188636, 49.95743151188636, 49.95743151188636, 49.88856047231839, 49.81972538986193, 49.750925484717364, 49.682159977514914, 49.61336456561816, 49.54460226872116, 49.47587221752004, 49.40717357791472, 49.33850559001592, 49.26986748357532, 49.22412814307555, 49.22412814307555, 49.22412814307555, 49.1769702383576, 49.12982363813922, 49.08268833434583, 49.03556431973929, 48.98845158651568, 48.94135012800108, 48.894259937379914, 48.84718100748658, 48.80011333073562, 48.753056899813394, 48.70601170437729, 48.65897773642989, 48.61195498874582, 48.564943455266615, 48.51794312885183, 48.47095400183494, 48.42397606086072, 48.37700928404653, 48.330053649458414, 48.287224620188724, 48.287224620188724, 48.287224620188724, 48.25170454750986, 48.21618874085721, 48.18067666117412, 48.14516778143598, 48.10966156038019, 48.074157303653365, 48.05048864808447, 48.05048864808447, 48.05048864808447, 47.98716534773973, 47.923842047395, 47.923842047395, 47.923842047395, 47.90818807870216, 47.90818807870216, 47.90818807870216, 47.86217195684686, 47.81620467099643, 47.77028599547119, 47.724415701236566, 47.67859354766151, 47.63281924419759, 47.60233475254323, 47.60233475254323, 47.60233475254323, 47.56605406111505, 47.529779999685225, 47.49351256574634, 47.45725175746019, 47.420997573054656, 47.38475001083005, 47.348509067128724, 47.312274739478994, 47.2760470261851, 47.23982592514239, 47.20361143389889, 47.167403550816324, 47.13120226879567, 47.09500757896023, 47.058819474231925, 47.02263794874556, 46.98646299716052, 46.950294614752295, 46.91413279696779, 46.877977540420474, 46.84182884196708, 46.805686698591245, 46.769551107761494, 46.73342206710099, 46.69729957440032, 46.66118362615268, 46.62507421890079, 46.588971350494695, 46.55287501885235, 46.51678522194068, 46.48070195777606, 46.444625224494246, 46.40855501985788, 46.37249134137546, 46.33643418684782, 46.31068201798928, 46.31068201798928, 46.31068201798928, 46.2879613747738, 46.26519432868129, 46.242380176001966, 46.219518328096754, 46.196642473557915, 46.17371759521188, 46.15074306058954, 46.12771821911981, 46.104642255824615, 46.08151445600643, 46.066060920383414, 46.066060920383414, 46.066060920383414, 46.034907460554805, 46.034907460554805],