{"timestamp": [0, 60, 120, 180, 240, 300, 360, 420, 480, 540, 600, 660, 720, 780, 840, 900, 960, 1020, 1080, 1140, 1200, 1260, 1320, 1380, 1440, 1500, 1560, 1620, 1680, 1740, 1800, 1860, 1920, 1980, 2040, 2100, 2160, 2220, 2280, 2340, 2400, 2460, 2520, 2580, 2640, 2700, 2760, 2820, 2880, 2940], "gross_weight": [0, 199.8640319801948, 199.72815840532337, 199.5923791392568, 199.45669403225557, 199.32110294761884, 199.22213501991172, 199.12322068215133, 199.02435986768285, 198.92555248855732, 198.82679847673467, 198.7280977553008, 198.62945024638577, 198.53085586554639, 198.4323145441125, 198.33382620797312, 198.2353907686889, 198.13700815959913, 198.03867830229962, 197.94040110496724, 197.84217650635003, 197.74400443423713, 197.6458848217025, 197.51152565408853, 197.37726281462596, 197.25108940966552, 147.14967372774538, 147.04831715312082, 146.97422797362464, 146.90016887550323, 146.82613982965947, 146.75214080600972, 146.67817177357276, 146.60423269782794, 146.53032354675682, 146.45644428852253, 146.38259489855903, 146.30877535286731, 146.2349856286245, 146.16122570002452, 146.08749554331865, 146.013795139715, 145.94012446495407, 145.86648349267605, 145.7928722015482, 145.69207381291505, 145.59133326631905, 145.49065050243138, 145.39002545766215, 145.2894580720161], "fuel_weight": [0, 49.86403198019479, 49.728158405323384, 49.592379139256785, 49.45669403225557, 49.321102947618826, 49.222135019911725, 49.12322068215133, 49.02435986768283, 48.92555248855732, 48.826798476734666, 48.7280977553008, 48.62945024638577, 48.530855865546386, 48.43231454411251, 48.333826207973125, 48.23539076868888, 48.13700815959913, 48.03867830229962, 47.94040110496723, 47.84217650635002, 47.74400443423714, 47.645884821702495, 47.51152565408852, 47.37726281462596, 47.251089409665525, 47.14967372774538, 47.04831715312083, 46.97422797362462, 46.90016887550322, 46.82613982965946, 46.752140806009706, 46.678171773572764, 46.604232697827946, 46.53032354675681, 46.45644428852253, 46.38259489855905, 46.3087753528673, 46.23498562862448, 46.161225700024524, 46.08749554331865, 46.01379513971499, 45.94012446495405, 45.86648349267606, 45.79287220154819, 45.69207381291504, 45.59133326631906, 45.49065050243139, 45.39002545766215, 45.289458072016075], "fuel_burn_rate": [0, 0.002266133663420246, 0.0022645595811900264, 0.002262987767776703, 0.002261418450020238, 0.0022598514106123993, 0.0016494654617849535, 0.0016485722960066377, 0.0016476802411415836, 0.0016467896520918142, 0.001645900197044235, 0.001645012023897753, 0.001644125148583774, 0.0016432396806564283, 0.0016423553572313203, 0.0016414722689897202, 0.0016405906547373786, 0.0016397101514959381, 0.0016388309549917538, 0.0016379532888732328, 0.0016370766436201365, 0.0016362012018813878, 0.0016353268755774798, 0.0022393194602328705, 0.0022377139910427484, 0.0021028900826738986, 0.0016902613653357883, 0.001689276243742527, 0.0012348196582700661, 0.0012343183020233877, 0.0012338174307293373, 0.0012333170608292093, 0.0012328172072823154, 0.0012323179290803297, 0.0012318191845189673, 0.0012313209705713004, 0.0012308231660580326, 0.0012303257615291067, 0.0012298287373803613, 0.0012293321433325813, 0.0012288359450978545, 0.0012283400600609472, 0.0012278445793490406, 0.001227349537966566, 0.001226854852131082, 0.001679973143885892, 0.0016790091099329483, 0.0016780460647945307, 0.001677084079487369, 0.001676123094101258], "altitude": [0, 2020.0, 1840.0, 1570.0, 1210.0, 760.0, 2500.0, 2500.0, 2500.0, 2500.0, 2500.0, 2500.0, 2500.0, 2500.0, 2500.0, 2500.0, 2500.0, 2500.0, 2500.0, 2500.0, 2500.0, 2500.0, 2500.0, 2400.0, 2219.9356913183283, 2300.0, 2400.0, 2219.9356913183283, 2500.0, 2500.0, 2500.0, 2500.0, 2500.0, 2500.0, 2500.0, 2500.0, 2500.0, 2500.0, 2500.0, 2500.0, 2500.0, 2500.0, 2500.0, 2500.0, 2500.0, 2250.0, 2070.0, 1800.0, 1440.0, 990.0], "power_required": [0, 22726.99238999578, 22711.205962458476, 22695.442288823637, 22679.703644063007, 22663.9878487983, 16586.803526329142, 16577.82197101647, 16568.851586898607, 16559.895942822714, 16550.951702120798, 16542.020352044445, 16533.102052797727, 16524.197906042296, 16515.305268247914, 16506.425051293278, 16497.559656576992, 16488.70543403737, 16479.864351872387, 16471.038659060443, 16462.223231934335, 16453.41990718714, 16444.62779910315, 22505.72321842081, 22489.587849675863, 21122.77984828693, 16987.551410409935, 16977.65069087967, 12417.180921151503, 12412.139349955854, 12407.102655378812, 12402.071002751825, 12397.04454250373, 12392.02386784689, 12387.00855940861, 12381.998586750507, 12376.992731309827, 12371.990898058057, 12366.992889858382, 12361.99920669635, 12357.00950377731, 12352.022950333549, 12347.040462727782, 12342.06239295988, 12337.087898524846, 16870.023202201428, 16860.34252652333, 16850.67178036349, 16841.01167686061, 16831.361614405938], "power_available": [0, 85.448, 85.448, 85.448, 85.448, 85.448, 81.8, 81.8, 81.8, 81.8, 81.8, 81.8, 81.8, 81.8, 81.8, 81.8, 81.8, 81.8, 81.8, 81.8, 81.8, 81.8, 81.8, 82.56, 82.56, 83.32, 82.56, 82.56, 81.8, 81.8, 81.8, 81.8, 81.8, 81.8, 81.8, 81.8, 81.8, 81.8, 81.8, 81.8, 81.8, 81.8, 81.8, 81.8, 81.8, 83.69999999999999, 83.69999999999999, 83.69999999999999, 83.69999999999999, 83.69999999999999], "airspeed": [0, 14.0, 14.0, 14.0, 14.0, 14.0, 14.0, 14.0, 14.0, 14.0, 14.0, 14.0, 14.0, 14.0, 14.0, 14.0, 14.0, 14.0, 14.0, 14.0, 14.0, 14.0, 14.0, 14.0, 14.0, 0, 14.0, 14.0, 14.0, 14.0, 14.0, 14.0, 14.0, 14.0, 14.0, 14.0, 14.0, 14.0, 14.0, 14.0, 14.0, 14.0, 14.0, 14.0, 14.0, 14.0, 14.0, 14.0, 14.0, 14.0], "climb_rate": [0, 1.5, 1.5, 1.5, 1.5, 1.5, 0.0, 0.0, 0.0, 0.0, 0.0, 0.0, 0.0, 0.0, 0.0, 0.0, 0.0, 0.0, 0.0, 0.0, 0.0, 0.0, 0.0, 1.5005359056806002, 1.5005359056806002, 0, 1.5005359056806002, 1.5005359056806002, 0.0, 0.0, 0.0, 0.0, 0.0, 0.0, 0.0, 0.0, 0.0, 0.0, 0.0, 0.0, 0.0, 0.0, 0.0, 0.0, 0.0, 1.5, 1.5, 1.5, 1.5, 1.5], "distance_covered": [0, 840.0, 1680.0, 2520.0, 3360.0, 4200.0, 5040.0, 5880.0, 6720.0, 7560.0, 8400.0, 9240.0, 10080.0, 10920.0, 11760.0, 12600.0, 13440.0, 14280.0, 15120.0, 15960.0, 16800.0, 17640.0, 18480.0, 19320.0, 20160.0, 20160.0, 21000.0, 21840.0, 22680.0, 23520.0, 24360.0, 25200.0, 26040.0, 26880.0, 27720.0, 28560.0, 29400.0, 30240.0, 31080.0, 31920.0, 32760.0, 33600.0, 34440.0, 35280.0, 36120.0, 36960.0, 37800.0, 38640.0, 39480.0, 40320.0]}